condition,alpha,alpha_se,beta,beta_se,psuedoR2,BIC
money,0.187276,0.029634,3.029027,0.037119,0.578371,3597.511400
social,0.151445,0.003199,2.564744,0.599919,0.479417,4425.461799
